,text
0,"@Av3rage_Us3r What's your favorite Batman movie in the animated universe, mines the dark night returns"
1,Batman : The dark night returns #3 (ao√ªt 1986) par Frank Miller et Klaus Janson #Comics https://t.co/vz2r4rhWvO
2,"@donkeykongdec Hot take. This batman was...OK. ""Nolan verse"" was eh aside heath ledger as joker. I'm more a batman('89) and batman returns with Keaton as batman fan. The only thing that tops that is the animated series with Conroy (may he rest in peace) as the vocal role as the dark night."
3,"@AidanJohnMoffat In the Dark Knight Returns book, he talks about the reason he has a big bat symbol on his chest is because it makes a target, and that‚Äôs where all his strong bullet proofing is. I think that‚Äôs it anyway. Ps bloody great film, watched it last night! Crime thriller in a batman film"
4,"@EllipseEnt Aliens, superman 2 , Batman Returns, The Dark Night,House 2,Friday The Thirteenth 2."
5,"@berry_deep @thetevinator @Jason_Got_Jokes @IdleTalk12 @illumimommie @neilbelieves @JulianaBall1 @AgainReisa @StevenHeynow @DanielB42739700 @DVD_Daddy @WillPheesh @ihateclaims @GermanERojo @WARPIG6666 @JKYayer @QSpragoo üå†A Serious Man  üå†The Matrix Ressurections
üå†Batman :The Dark Night Returns  üå†National Lampoon‚Äôs Christmas Vacation https://t.co/GMchRXK7Jo"
6,"@jpalmiotti @Sikeba_gt @ZachisSkinny Heck, why not make a Superman movie, with Cavill, like Frank Millers old timer Batman The Dark Night Returns. Watching society falling to pieces, and then make a comeback to restore some of it."
7,"Tambah tidak bisa tidur.
Tpi Michael keaton masih trlalu Bugar klo mau jadi Bruce di Batman Beyond
Tpi pas jadi Bruce Wayne di Batman the dark night returns https://t.co/oMxT89zvPm https://t.co/eL1peqSrLb"
8,@SittinSideways0 @nerdismsbegins @Lovelar23 @CultureCrave @elmayimbe Ben Aflac is the dark night returns Batman type old keeton is correct age for Batman beyond
9,Batman: The Dark Night ReturnüòÖ ou Inception https://t.co/T1bAx0Vt0n
10,@jaimonjahn @CultureCrave @Variety At least burton made a comic book movie with comic book characters. The dark night is a thriller that happens to feature Batman. I‚Äôm not saying I don‚Äôt like the dark knight but I do prefer Batman returns. And Batman 1989 still has the best version of joker outside of animation
11,"@evleynn cobra kai 
Karate kid trilogy 
Record of Ragnarok 
Spiderman no way home 
Spectacular Spiderman 
All star superman (movie or book) 
Superman Man of Tommorow 
Jurassic park
Black panther 
End game 
Infinity war 
The classic Adams family 
Batman:The dark night return"
12,"@LeCinephiles Here's my Favorite Superhero/Comic Movies: Part 1. The Crow (1994), Batman (1989), Batman Returns (1992), Batman Forever (1995), Batman and Robin (1997), The Dark Night (2008), Spiderman (2002), Spiderman 2 (2004), Spiderman: Into the Spidie-Verse (2018), Black Panther (2018)"
13,"@theonetimfrom91 @KenergyCole @tigianpage Yeah, Absolutely. He could be a great Bruce Wayne for ""Batman Beyond"" or Miller's ""Return Of The Dark Night"""
14,Micheal keaton batman the dark night returns imagine
15,"@Vicsage1984 Well, to be fair, neither batman returns nor the dark night rises were based on comic lines, just comic book characters. Everyone felt a bit OOC to their comic counterpart. So, unfortunately, she didn't have much competition in comic accuracy for live action."
16,@mmpadellan Both Tim Burton‚Äôs followup Batman Returns and Christopher Nolan‚Äôs The Dark Night https://t.co/GYQuBW6Ak5
17,"Ranking de Filmes Do Batman:
Batman (1966): 6,0
Batman (1989): 8,0
Batman Returns (1992): 7,0
Batman Forever (1995): 5,0
Batman &amp; Robin (1997): 4,5
Batman Bengins (2005): 8,0
Batman: The Dark Night (2008): 10,0
Batman The Dark Night Rises (2012): 7,5
The Lego Batman (2017): 7,0+"
18,"This week on movie night, the boys and I discuss the Dark Knight Returns animated movie (Part 1 and 2). See you live at 6pm est. 

Link: https://t.co/7P1H3liQtx

#DarkKnightReturns #Batman #animation https://t.co/qxlO903ijH"
19,Isn‚Äôt this what batman used in the dark night returns https://t.co/8dxPx7vmBP
20,@nightwaynes Another good one is the Batman and Superman fight on The Dark Night Returns
21,"ü§îSay what you want about Frank Millar's storylines...the man has to write some fantastic, poetic soliloquies in his Batman books, from Bruce asking his father how to put fear into criminals in year one, to Bruce describing the bat in The Dark Night Returns."
22,"So umm as i mentioned last night i watched Batman: The Dark Knight Returns Part 2.

This is one of the characters, Bruno. I was kind of shocked when she appeared on screen at first tbh. But DC likes being more ‚Äòedgy‚Äô. So i guess *azi symbols on the *its goes? https://t.co/zKUEt0STaL"
23,Le plans de Batman the dark night returns  c trop les √©motions https://t.co/36Sl3dq4Ji
24,"Rewatched The Dark Knight Returns last night in a flu ridden stupor. How did nobody guess Bruce Wayne was The Batman? Batman goes! Bruce Wayne goes. Batman back! Bruce Wayne‚Ä¶ also, back."
25,"The Dark Night Rise 8,0
Batman Returns 8,0
Batman Forever 5,5
Batman VS Superman 4,5 https://t.co/ADdZiifQFF"
26,"@clownprince_86 Mi Top 10 de cine #DC !

1. The dark night 
2. Zack Snyder Justice League
3. Batman V Superm√°n
4. Joker
5. The Dark Knight Rises
6. Man of steel
7. Batman Return‚Äôs 
8. Watchmen
9. Batman Begins
10.Batman 89
Que opinas?"
27,"Finished Bat-tober last night. We watched ""The Dark Knight Returns Part 2"". (Saw Part 1 on Thursday). We had a bonus watch of The Batman. They did TDKR inspired episode. So we watched it to see all the Easter Eggs."
28,"Batman Returns 
The Dark Night Rises 
Spider-Man 2 https://t.co/wpdZ57krLR"
29,"My boyfriend‚Äôs hbo Max continue watching: 
The Lego Batman movie
Batman the dark night returns 
Batman assault on arkham
Batman the animated series
Justice league
The rehearsal
The Batman"
30,"@Princesamexica5 En el comic ""the dark night returns"", Bruce vuelve a ponerse la capa ante una oleada de crimen en ciudad g√≥tica, en ese entonces ya tiene 50 a√±os, ya es un Batman algo cansado pero mucho m√°s severo y violento que antes."
31,@Batman_GothamBW The dark night returns
32,"@JaQuzziJones @GRCinemaTicket @hyde68030023 It's a tough one lol. It depends on the mood. I'll still watch Batman Returns now and again. I have the dark night trilogy in ultra hd though, so those ones probably get the most play lol."
33,@Batman_GothamBW Batman A√±o Uno - Una muerte en la familia - The dark night returns
34,"Hey Everyone, up for review today is the McFarlane Toys DC Multiverse Carrie Kelley Robin  from the comic\film Batman:The Dark Night Returns.
#mcfarlanetoys #batman #robin #dcmultiverse #carriekelley #darkknightreturns #actionfigures #toyreview #dccomics 

https://t.co/jLplAwNN4q https://t.co/7VLN0Quxrc"
35,"Hey Everyone, up for review today is the McFarlane Toys DC Multiverse Carrie Kelley Robin  from the comic\film Batman:The Dark Night Returns.
#mcfarlanetoys #batman #robin #dcmultiverse #carriekelley #darkknightreturns #actionfigures #toyreview #dccomics 

https://t.co/5uQ5bxEQ0k https://t.co/4hyM1kmAgD"
36,"@inkypyrite @Guslivesagain On the cowl I kinda agree, but it fits Ben affleck face, the bat symbol is supposed to be big, imagine gonna fight criminals at night and you have a microscopic symbol, it also matches affleck Batman physique, he‚Äôs supposed to be the Batman from the dark knight returns, it works"
37,"@Asr94David @YoleocomicsDC La clave de la pelea entre Batman y Superman, que va a la esencia de los dos personajes en ""The dark night returns"" elevado a un √©pica √∫nica, se transforma en una excusa rid√≠cula. Se pudo haber hecho bien, pero se perdi√≥ la oportunidad para DC."
38,"@FreddsCorner Mallrats, chasing Amy, jay and silent bob strike back, star wars 4-6, batman, batman returns, batman forever, the dark night, beetlejuice, 3 ninjas, 3 ninjas kick back, teenager mutant ninja turtles. X-Men, pretty much all the MCU movies, the producers,"
39,"@joshinongo Joa erstmal year one danach kiling joke, death of the family, long halloween dann noch death in the family 
dann kannst du noch the dark night Returns die batman detektiv comics, batman-joker, wer zuletzt lacht lesen so als Einstieg haha"
40,"Ok. Back on tonight to finish watching Batman Returns (I fell asleep the other night) and I‚Äôm realising that amongst the dark humour &amp; Burtonesque relish, there‚Äôs a lot more of the 60s TV series here than I remembered... https://t.co/s3pxlg7jfQ"
41,"Ya por √∫ltimo, les dejo unos 5 Comics de Batman como recomendaci√≥n:
- Batman: A√±o 1.
- Batman: The Long Halloween.
- Batman: Hush.
- Batman: The Dark Night Returns.
- Batman: Under The Red Hood."
42,"10. Saga of the Swamp Thing (Alan Moore)
9. For the Man Who Has Everything
8. Blackest Night
7. The Dark Knight Returns 
6. Saga
5. Invincible
4. Batman: Year One
3. Kingdom Come
2. The New Frontier
1. All-star Superman"
43,"30. The Infinity Gauntlet
29. Crisis on Infinite Earths
28. Batman: A Lonely Place of Dying 
27. The Dark Phoenix Saga¬† 
26. The Last Ronin 
25. DCeased
24. Flash: The Return of Barry Allen
23. Sinestro Corps War 
22. The Night Gwen Stacy Died
21. The Sandman"
44,"While a thousand people suggest checking out The Dark Knight Returns and and The Long Halloween, peep what the cool kids are suggesting.
#BatmanDay 

Batman:                                       Batman:
Creature of the night                 The Imposter https://t.co/1YLKs3o1hG"
45,"the show is likely going to be based off of the comic ‚Äú daredevil : born again ‚Äú , as its a direct quote .
the comic was written by frank miller , who also wrote ‚Äú the dark night returns ‚Äú , ‚Äú batman : year one ‚Äú and ‚Äú sin city ‚Äú . so we can expect a similair concept ."
46,"37 films watched in August. The Top 5 first time watches were.

Saturday Night and Sunday Morning (1960)

Nope (2022)
Prey (2022)
The Duellists (1977)
Batman: The Dark Knight Returns, Part 2 (2013)

#FilmTwitter https://t.co/ZYaGuVG828"
47,@LicenceToQueer @TobyStephensInV It certainly would ‚Ä¶.. and to think we almost had Clint Eastwood play Bruce Wayne/Batman in a proposed R4 adaptation of The Dark Night Returns
48,"Estoy leyendo Batman: The Dark Night Returns de Frank Miller, que es una obra maestra. Me hace much√≠sima gracia que a Batman lo llaman ""The Batman"", como si fuese un cani. Ehhh mira por ah√≠ va el baaaatman illo ke pasa cabesa te echa unos litro o ke. ü§£ü§£ü§£ü§£"
49,"The Dark Night Returns
Return of the Joker
Batman vs TMNT
The Batman vs Dracula https://t.co/pxJU3RPndR"
50,@madmanofmagic Tim Burton only directed Batman (1989) and Batman Returns. Of course I‚Äôve seen these. I hadn‚Äôt see any of the Dark Knight trilogy until last night.
51,"@SimonMAGNY2 @CamaradeFormica En g√©n√©ral car serait Watchmen
The Golden age
Le mort de Batman
Batman The Dark Night Returns
Batman cr√©ature de la nuit 
Klaus
Un long Halloween
Alerte victoire
Et les comics spider man"
52,@Zeke_Dude Carrie Kelly was the first female Robin in Frank Miller's Batman: The Dark Night Returns and souled ones are Non-Redheads because they have a soul where redheads don't.
53,"@HauntingSound Oops.  It was David Mazzucchelli that did the art for Batman:Year One and Frank Miller and Lynn Varley did the Art for Batman: The Dark Night returns.
I like the Year One Catwoman cuz she's smaller built and you can actually see someone like her sneaking up buildings. https://t.co/b5uauqfP7H"
54,Good Night! Friendly reminder batman is menacing and the speech he gives to supes in the dark knight returns is ungodly. https://t.co/LYCgwZ5UCc
55,"@ODPHpodcast @SWOProductions @MultiverseOfBad @3fnpodcast @MetalcoreNerds @hopsgeeknews @JVDofTVD @EastCoastAvngrs @30AndNerdyPod @SoWizardPodcast @thepintpodcast @CBCCPodcast @JJs_Comic_Stuff @CaptionedLife @martystoked Marvel
- House of M
- Old Man Logan 

DC
- The Dark Knight Returns 
- Batman Night of the Owls"
56,@DrGBuckingham One of the problems with losing weight is that everyone asks that question wanting the answer to be a diet that sounds like the surname of a man who would play Batman.  MICHAEL PALEO IS THE DARK NIGHT. CHRISTOPHER KETO RETURNS AS BRUCE WAYNE.
57,"@Primeguy984 That is quite curious. I haven't watched much of DC universe but Joker has always seemed cool. I think I watched ""Batman The Dark Night Returns"" and that one was pretty cool too I might rewatch it. Do you follow the DC universe?"
58,"@ComicsLecteur @Ohthatsissa @Yann_art1 @ilyes4213 @RaitoArashii The Dark Night Return
Blackest Night 
VenomVerse
Death M√©tal 
Batman 
Immortal Hulk"
59,Beast Kingdom 8ction Batman The Dark Night Returns figure set is in stock at EE with 10% off when you use code CEEOF and free shipping #ad https://t.co/poZ0cMppD0 https://t.co/CibslvSiMX
60,"(1) These are Todd McFarlane's depiction of ""The Dark Knight Returns"" from the 1980's. The ""original"" Batman vs. Superman story. I re-watched this the other night and it was surreal. To see the people as they were, they were a great depiction of people today. Batman represented.. https://t.co/2LCqfirDEV"
61,"@YoleocomicsDC Si pero no para acci√≥n si no como mentor, as√≠ que si ser√≠a una tonter√≠a que volviera a la acci√≥n, Ben affleck por otro lado a√∫n que si sea grande su batman si tiene mucho sentido y en la acci√≥n es el mejor, es como the dark night returns"
62,"Upon a rewatch of the Batman movies an updated ranking 

1). The Dark Night
2). The Batman
3). Batman Begins
4). The Dark Night Rises
5). Batman (1989)
6). The Lego Batman Movie
8). Batman Returns
9). Batman &amp; Robin
10). Batman Forever"
63,@RikCresp En vrai le Batman qui tue √ßa pas g√™n√© car j'adore The Dark Night Returns. Apr√®s pour son Superman j'ai trouv√© √ßa sympa de voir un Clark un peu plus terre √† terre au niveau des √©motions m√™me si je peux comprendre qu'on puisse pas aimer. Apr√®s pour Flash perso j'ai pas trop d'avis
64,@soffinu3 Toda la vida! Y su traje tambi√©n‚Ä¶ algunos se quejaban de que era un ‚ÄúBatman gordo‚Äù y est√° nio basado en The Dark Night Returns que literalmente es un Batman viejo y gordo ü§£
65,"@SpiroJesus @AtlantidaDCita Lee los c√≥mics de Dennis O‚ÄôNeil y ve las pel√≠culas animadas como The Dark Night Returns (2012). Y te vas a dar cuenta que comparte similitudes. Obvio, cada Batman tiene lo suyo y bueno, depende de gustos y perspectivas üòÖ."
66,"@LeoBale52 @xMightyPhoenix soy fan de snyder: y estoy de acuerdo en eso de disfrutar de todos los batman pero... el de affleck es mas √©pico mas como el bruce que sali√≥ en the dark night returns, mas obscuro y un traje bellisimo mi top 3 es affleck, bale y keaton pero tiene sus buenas cosas el robert"
67,@GipsyCereal for batman he only read the dark night returns and figured that was enough and thought making batman the punisher was the best option
68,"the dark knight 
the batman 
batman89
batman begins
the dark night rises 
batman forever 
batman returns
batman and robin"
69,@vndettasrevenge he is late 40's batman adapted from the animated movie batman: the dark night returns and if you've watched that movie you'd say that affleck killed the role fr
70,"Variety public√≥ las 50 mejores actuaciones dentro de las pel√≠culas de superh√©roes en los √∫ltimos 50 a√±os.

Aqu√≠ el Top 3:

1 - Heath Ledger (The Dark Night)

2 - Michelle Pfeiffer (Batman Returns)

3 - Michael B. Jordan (Black Panther)"
71,@GabyMeza8 Uff un Batman para el live action de the dark night return
72,"I‚Äôm obsessed with the animated Batman Moviesüôá‚Äç‚ôÇÔ∏èüíê 
The Dark Night Returns 1&amp;2 and The Killing Joke are my favorite Batman movies:)"
73,@hurts2be @Pink Is this going to be a song on the Return of the Dark night sound track? The newest Batman movie in production??
74,"""im not me because i witnessed m * rd * r thrice im me because i read batman the dark night returns as a 3yo""~ @CumbiusSweep"
75,"Mi top de pel√≠culas de DC en Live action:

1.- Watchmen
2.- Superman II
3.- Batman Returns 
4.- Batman Begins
5.- Batman v Superman

Bonus:

- The Dark Night
- ZSJL
- MOS
- Superman The Movie
- Joker
- Batman 89

Compartan el suyo! https://t.co/AXFgYbPYAA https://t.co/jdXSUj8nsX"
76,"Mi top de pel√≠culas de DC en Live action:

1.- Watchmen
2.- Superman II
3.- Batman Returns 
4.- Batman Begins
5.- Batman v Superman

Bonus:

- The Dark Night
- ZSJL
- MOS
- Superman The Movie
- Joker
- Batman 89

Compartan el suyo! https://t.co/fKiGDRVlFw https://t.co/MwNY5PHrXG"
77,"@notsab_sol I'm a huge fan of Frank Miller! I wanted to catch a similar vibe of batman the dark night return's, also loved his daredevil born again üåë"
78,@ichiijiku @ZacksnyderB @tomtom8647 @its_a_warning @snyder_all I only see a few and The Dark Night Return part 1 and 2 is the best of batman that I ever seen without lego batman of course
79,@Mrs_MeowMom @LeftTheCoast @SmoothJohnny5 If anything I‚Äôm creeped out by the Batman villains besides cat woman from Batman returns and the dark night rises
80,"After being saved by Batman on the night he returns from his retirement, Carrie Kelley is determined to help the Dark Knight. Batman accepts her as his newest Robin, &amp; although he's reluctant to do so, her skills &amp; dedication make her a worthy sidekick. 

https://t.co/CpVcMqQ5KV https://t.co/7RjUOM989M"
81,"Ok, lo admito: Me encantar√≠a un live action de The Dark Night Returns dirigido por Snyder por 2 motivos: El Batman de Ben y la ambientaci√≥n oscura.

Digo, en Batman Vs Superman, quitando lo que pueda opinar en si de la misma, queda muy bien la ambientaci√≥n tr√°gica."
82,"@Barrymore234 @DcRational @BlackMajikMan90 Watchmen, Dark Knight Returns, Killing Joke, Injustice, Flashpoint Paradox, The Dark Side, Batman who Laughs, Blackest Night, literally anything that has Crisis in the name, etc. I don‚Äôt even know what you mean by: ‚Äústop‚Äù I‚Äôm just asking a simple question."
83,"@LordCastroP 5 amigos y seis datos Versi√≥n Friki total!
1- Comic/Manga fav: Batman The Dark Night Returns 
2- Anime fav: DBZ/DBS
3- Pel√≠cula Marvel/DC: Zack Snyder‚Äôs Justice League
4- Saga favorita: StarWars
5- Personaje: Bruce Wayne
6- Villano fav: Darth Vader

Nomino a:
Quien quiera hacerlo"
84,"@mspeacherino This latest movie version of The Batman returns the character to his original roots within the DC Comics realm. The initiial storyline focused this super hero as the dark night, a detective, who aides the police to solve difficult crimes and battle against super villians. A+"
85,Batman: The Dark Night Returns - The Game (Deluxe Kickstarter Exclusive Edition) https://t.co/HTxJp8CbRt eBay https://t.co/Xfk3YfHN3L
86,"@benonwine Batman: The Dark Night Returns

(Yes I am aware of the spelling)"
87,@KDralling @Hankdeezy1 @marvxx_07 It's two completely different batmans  Ben's will allways be an older batman off the dark night returns serries. So he can only be compared to Christian bale in dark knight rises witch is the older batman as well. Don't see how you can compare it to a year 2 batman
88,Batman The Dark Night Returns (Frank Miller) 1/6 Diorama Statue Iron Studios https://t.co/OHTnqe4uNR eBay https://t.co/kExwDHi7bW
89,"So, last night I had a small bowl and put on #TheBatman and I have to say: it is easily in my top 3 Batman films of all time.  It will require additional viewings to see where it stands against The Dark Knight and TDK Returns. 

But Pattinson's 'young' Bruce was pitch perfect."
90,Batman The Dark Night Returns (Frank Miller) 1/6 Diorama Statue IRON STUDIOS https://t.co/crS7yTaXOT eBay
91,Batman The Dark Night Returns (Frank Miller) 1/6 Diorama Statue Iron Studios https://t.co/tQNCy4TzaN eBay
92,Batman the Dark Night Returns (Frank Miller) 1/6 Diorama Statue Iron Studios https://t.co/bB1yzBn7eI eBay
93,@RavenEAP I think I prefer it to the dark night films n I prefer Pattison to bale but I still do prefer batman89 and batman returns
94,"Out of all the versions of batman...
I would've never imagined they would pick the dark night returns version to make into a plushie https://t.co/0GgLAEqN8t"
95,@MorenMaurice Batman:The dark night returns
96,@h0pelesscait Riverdale season 10 will conclude of the return of Batman the dark night and ozymandias resurrection ü•∫ü•∫ü•∫
97,"@QuentWestbrook 1. Je dois en avoir lu √† peine plus d'une centaine

2. Batman, Dark Vador, Spider-Man, Harley Quinn, Flash

3. Batman Metal, Dark Vador Le Seigneur Noir des Sith, The Dark Knight Returns, La Derni√®re Chasse de Kraven, Blackest Night"
98,"@CascadoTorres Terminator 2
Spider-man 2
The Dark Night
Superman 2 Richard Donner Cut
Indiana Jones La Ultima Cruzada
El Padrino 2
El prisionero de Azkab√°n
Mad Max Fury Road
Endgame 
Civil War
Batman Returns
MI 6
Shrek 2
Bionicle 2
Star Wars 3
STLa Ira de Khan
ST primer contacto
Purge 2"
99,"@LokiEddy @BeardedChef_ This sounds like a whole Journey...So far  in this lifetime I have watched Spiderman 1, 2 &amp; 3, the Dark night &amp; Batman returns. Siko mbaya vile Sindioü§∑üèº‚Äç‚ôÇÔ∏è"
100,"Por siaca a qu√≠ dejao Batman The Dark Night Returns 

una joyita en el mundo de Batman, brind√°ndonos a un justiciero derrotado y dejando el mano por 20 a√±os a causa de la muerte de Robin (Jason Todd)
https://t.co/HtxRXQduxs"
101,@Batman_es_DIOS Me encanta mas por su parecido a the dark night returns üî•
102,"@MGolondrinart @Nawer_Rapter @cubismofriki O sin salir del g√©nero
Watchmen
Kingdom come
Batman a√±o 1
Spiderman la √∫ltima cacer√≠a de kraven
Sandman
All star superman
Minute men
El largo Halloween
Daredevil born again
Arma x
Wolverine origen
Spidermen
The dark night returns
Old man Logan
Capit√°n Am√©rica soldado de invierno"
103,@i_amqko @ElFrikiCubano Yo se que no viene al tema. Pero el Batman The Dark Night Returns le gana a todo el universo cinematogr√°fico de DC Y Marvel juntos en live action
104,"The Dark Night Returns fundamentally does not understand the character of batman. It's infuriatingly problematic, this story isnt a ""what if"" it is just straight up flawed commentary on the justice system and how ""necessary"" batman is."
105,Batman the dark night returns is overrated as hell imo
106,"@Tessellade @ACAB_Batman @MIDImyers If i had more free time i would follow all of these batman fans and every time they posted something that didn't feel canonical to the only true Batman (1966) I would deride their post as ""shitty takes"". The Dark Night Returns is garbage, Batman would never act that way."
107,"Finished The Batman last night. I loved it. It's a giant step up from the Dark Knight trilogy (which I did not enjoy anything like I did Batman and Batman Returns). I think Robert Pattinson brought a new take to Mr. Bat, and I like it and want more."
108,"my batman movies ranking so far goes 
1. the batman 
2. batman returns 
3. batman begins 
4. batman (?)
5. the dark night (?)"
109,"Just finished watching The Batman-
1- The Dark Night
2- The Batman
3- Batman 1989
4- Batman Returns
Pick the rest"
110,"@TimothyJT18 What I meant by nemesis is that Superman‚Äôs mere presence makes Batman almost superfluous, at least that‚Äôs how Bruce feels sometimes. It‚Äôs come through in The Dark Knight Returns, Identity Crisis, the One Night in Gotham City storyline, and many others."
111,"Despu√©s de ver la √∫ltima Batman, va ranking

1 Batman (Tim Burton)
2 Batman Returns (Tim Burton)
3 The Dark Night (C.Nolan)
4 el resto  todas una poronga"
112,"Despu√©s de ver la √∫ltima Batman, va ranking

1 Batman (Tim Burton)
2 Batman Returns (Tim Burton)
3 The Dark Night (C.Nolan)
4 el resto  todas una poronga"
113,"Ilustraci√≥n: portada del primer n√∫mero de 'Batman: The Dark Night Returns' (Frank Miller, 1986)"
114,"1.The Batman
2.Batman Begins
3.Batman(89)
4.The Dark Night
5.Batman Returns"
115,"1- the dark night 
2-the Batman 
3-dark night rises 
4- Batman(Keaton) 
5-Batman begins 
6-Batman returns 

Huge space 
7-Batman vs Superman 
Huge space 
8-Batman forever 
Huge space 
9-cat in the hat (not even Batman) 
Huge space 
10-Batman and robin"
116,"@OWJaeger @m4ch1n3g1rl_ well yea and the dark night was really good at that, but idk batman begins and the dark night returns were meh"
117,"Tonight, I‚Äôm finally seeing THE BATMAN on HBOMAX. After much internal conflict, I decided to avoid the theater. I had seen all of these movies on their opening night or at midnight previews:
BATMAN 89
BATMAN RETURNS 
BATMAN BEGINS
THE DARK KNIGHT
THE DARK KNIGHT RISES
#TheBatman https://t.co/nOCSAYfgNc"
118,"Bueno, me qued√© hasta esta hora viendo las versiones animadas de The Dark Night Returns y estoy para salir corriendo a tatuarme a Batman en el pecho. Qu√© hombre."
119,"@dasuperbackup God Father, blade runner, The elephant man, Carrie, The Dark Night, Batman Returns, Die Hard, Little Miss Sunshine, and Brave Heart. Not all of them are necessarily my favorite but they‚Äôre all pretty great, defiantly nowhere near SAO"
120,"While browsing sa Netflix og movies, nakita nako top 6 kay the dark night rises. Na remember na nuon nako tong nag tan'aw mi ni ate jayjay og the batman returns sa VHS sauna."
121,"@spacefunkyarp well ya see I read the dark knight returns last night and I've noticed many people interpret it as Batman being a fascist ie upholding the law, having a group of followers who follow his every whim, spreading said rhetoric to a teenage girl etc."
122,"The Dark Night Returns justifica bien silly porque la presencia infantil de Robin tiene que ver con qu√© los gadgets de Batman se llamen ""Bati- lo que sea"" üòú"
123,"@rawrkobz I‚Äôm wasn‚Äôt super invested in Batman beforehand so I didn‚Äôt quite get them when I saw them, but supposedly the two The Dark Night Returns animated films are great for fans!"
124,"The Batman Returns

To be followed by:
The Batman Forever
The Batman &amp; Robin
The Batman Begins
The The Dark Night
The The Dark Knight Rises
The Batman V Superman: Dawn of Justice https://t.co/7olb7swQJ8"
125,"@MASKEDMANIACXXX The Dark Night Returns Joker is a fav of mine, I liked Heath Ledger's Joker, to be honest I love all the incarnations of the Joker he is a badass character, and my fav in the Batman world"
126,"Dennis O‚ÄôNeil, the editor of several Batman titles, including the legendary ‚ÄúThe Dark Knight Returns‚Äù and ‚ÄúThe Killing Joke‚Äù graphic novels said ‚ÄúBatman‚Äôs Gotham City is Manhattan below Fourteenth street at eleven minutes past midnight on the coldest night in November.‚Äù"
127,@IDrako01 @GeekZoneGZ Si usan un batman viejo que busca un remplazo femenino pues hubiera sido la oportunidad perfecta para introducir a carrie kely robin en the dark night returns
128,"@SrokaVtube Under the Red Hood prolly. That, I love The Dark Knight Returns, The Killing Joke, Crisis on Infinite Earths, and the Injustice comics, Blackest Night, Emerald Twilight. Batman Hush. Are some of my favorites."
129,"@jacksfilms ""I am the night, i live in the darkness. So together, that makes me the dark knight.        But, y'know, with a k"" - Robert Patterson (Batman Returns, 2005)

#YIAYquote"
130,The Batman &gt; Batman Begins &gt; The Dark Night &gt; Batman Returns &gt; Batman &gt; Batman Forever &gt; The Dark Knight Rises. Still need to see Batman and Robin and the Adam west one
131,"@BiggestMomAah @ParanoydStyle I'm confused, this is a joke right?
this comic panel is from the Dark Night Returns a story which explicitly critiques batman as fascist."
132,@cukizilla Solo vi la escena d√≥nde Batman y Superman pelean y... Pues... Me gust√≥ m√°s la versi√≥n animada en The Dark Night Returns
133,Today‚Äôs weather calls for ‚Äúbe in bed and read a Batman comic book (wait I need new ones ü•≤) OR be in bed and reread Batman: The Dark Knight Returns type of night.‚Äù I think I‚Äôll choose chose # 2. üôèü§ó #dccomics #batman
134,"""Justice about to be done in Crime Alley in a dark night in Gotham"" BTW the reason why Batman looks taller and buff than my oc is because this is the Batman from the animated two part movie ""Batman: The Dark Knight Returns"" in this case an Old/Aged Bruce Wayne https://t.co/4OFRFSbEhO"
135,Storms in Dallas last night looked like The Dark Knight Returns cover #Batman https://t.co/3aURNh52PR
136,"the batman, mask of the phantom, under the red hood, the dark night returns https://t.co/UiMq4evlQy"
137,"A massive Bat-thanks to everybody who joined last night‚Äôs stream! Completed SNES Batman Returns on Mania difficulty with 7 lives, but not 3. The Dark Knight mod of NES Batman was pretty cool. And Adventures of Batman &amp; Robin is still impressive and difficult (especially at 5 AM)."
138,"@DonMarino305 Batman returns
Under the red hood
The dark Night
The Gotham Night returns"
139,"THEY WILD FOR THAT 1ST ROW SHIT WAS HARD TO CHOOSE

1st row - The Dark Night 
2nd row - Batman Begins 
3rd row - Return of the joker
4th row - Batman Forever https://t.co/r814z0Y0dS"
140,"The Batman
Batman Mask of the Phantasm 
Batman Under the Red Hood
Batman The dark night returns https://t.co/JAuFxjPtIe"
141,"@yifty_cent The long Halloween, the Dark knight returns, the killing joke, dark night: a true batman story (◊ê◊†◊ì◊®◊ô◊ô◊ò◊ì!), Batman year one, Batman earth one, Batman ego, court of the owls, death of the family, under the red hood, Arkham asylum - serious place on a serious earth &gt;&gt;"
142,"@BatmanFiles The Dark Night, Batman Begins, The Dark Knight Returns, Batman, The Dark Knight returns part 1."
143,"@BatmanFiles the batman
batman returns 
batman under the red hood
batman the dark night returns"
144,"The Lego Batman Movie
Batman Returns (never watched)
Batman Beyond
Batman The Dark Night Returns (not watched) https://t.co/kuDRvptZ1X"
145,"Dark Night 
Mask of the Phantasm 
Batman Beyond Return of the Joker 
Batman The Dark Night Returns https://t.co/QbBQFESnjC"
146,"The Batman
Mask of the Phantasm
TDKR
Batman The Dark Night Returns https://t.co/lNIX6AnCvC"
147,"The Dark Night 
Batman returns 
Batman:under the red hood 
Batman:the dark night returns https://t.co/DoZGjSfq79"
148,"@BatmanFiles AHHH BRO YOU CAN'T DO THIS TO ME WITH THAT FIRST ROW!
but if I must 
- The Dark Knight (The Batman is really close, but I like the ending of The Dark Knight more)
- Batman Returns 
- The Dark Night Rises
- Batman The Dark Knight Returns"
149,"Row 1 - Batman 
2- Mask of the phantasm
3- The Dark Night Rises or Return of the Joker
4- Batman Forever https://t.co/oMtdLHBaLO"
150,"The Batman
Mask of the Phantasm
Return of the Joker
The Dark Night Returns https://t.co/pMCdUwGWDW"
151,"the dark night 
the second one
batman under the red hood DON‚ÄôT BE STUPID jason todd&gt;&gt;&gt;&gt;&gt;&gt;&gt;
batman the dark night returns https://t.co/WTjWdIQzIM"
152,"the batman
mask of the phantasm 
batman beyond
the dark night returns https://t.co/9cZV0QC5dr"
153,"The Dark Knight
Batman Begins
Under the Red Hood
The Dark Night Returns https://t.co/xBBm6nirRg"
154,"The Batman
Batman: Mask of the Phantasm
Batman: Under the Red Hood
Batman: The Dark Night Returns https://t.co/DgdvoGzOxj"
155,"the batman, batman begins, under the red hood, batman the dark night returns https://t.co/cYAy0EoYhJ"
156,"The Batman
Batman Returns
Under The Red Hood
The Dark Night Returns https://t.co/JQ3i4T5y8l"
157,"the batman, batman begins, batman under the red hood, and batman the dark night returns‚ò∫Ô∏è https://t.co/yiRcX7PwUT"
158,@MJ0DC ÿµÿ±ÿßÿ≠ÿ© ŸàÿØŸä ŸÑŸà ÿ®Ÿäÿ´ŸÖŸÑ ÿ®ÿßÿ™ŸÖÿßŸÜ ŸäŸÖÿ´ŸÑ ŸÇÿµÿ© batman the dark night returns
159,It's always a good night to watch Batman: The Dark Knight Returns. #Batman https://t.co/hRDkOvEUIo
160,Batman: The Dark Night Returns - The Game (Deluxe Kickstarter Exclusive Edition) https://t.co/Ueschm52ob eBay https://t.co/TCtAzGP7Xz
161,"@SoyFedelobo 1. The Dark Night Returns 1 y 2 
2. The son of batman"
162,"@SoyFedelobo Aplica para animadas o solo Hollywood? Sino pues las de Nolan para mi the dark night returns, the dark night y batman begin."
163,"Me gusta mucho el traje del Batman de Ben Affleck porque se parece a mis 2 trajes favoritos de los c√≥mics.

El de The Dark Night Returns y el de Rebirth. (en ese orden aparecen abajo). 

Es como una combinaci√≥n de ambos y me gusta https://t.co/m3D6oFBuII"
164,@ratcazo The bulkyness of Ben Affleck is what made me dislike him. Robert Pattinson is a perfect early batman. Although the Dark night returns bigfig is really funny.
165,"Limited series on HBOMax. 
Batman: Eternal 

Chapter 1 = 'The Gauntlet'
Chapter 2 = 'Dark Days'
Chapter 3 = 'Dark Night'
Chapter 4 = 'Arkham Asylum'
Chapter 5 = 'A Lonely Place of Dying'
Chapter 6 = 'The Dark Knight Returns'

@ZackSnyder @BenAffleck #Batman https://t.co/PCWzWsqG5W"
166,"@alvaroinutero Me confund√≠ de t√≠tulo.
Las de nolan
Batman begins
The Dark night
The dark knight rises

The dark knight returns es el c√≥mic de Frank Miller"
167,"By the way, watched The Batman last night. Ranking wise (Just Batman) I'd say:
1. The Dark Knight
2/3. Batman Begins
2/3. The Batman
4. Lego Batman
5. Dark Knight Rises
6. Batman (1989)
7. Batman (1966)
8. Batman Returns
9. Batman Forever 
10. Batman and Robin"
168,@EverAfterApp Batman begins and Batman: The dark night returns (animated).
169,"@SitoCinema @brucebatman007 1- The Batman (2022)
2- The Dark Night
3- Batman Begins
4- Batman Returns
5- Batman (1989)"
170,"@TheGwidKnight Don‚Äôt know if he‚Äôs my favourite but I liked the portrayal of an older, more experienced Batman. Reminded me of The Dark Night Returns."
171,"Batman Returns, The Dark Night and then The Batman for me"
172,I haven't watched The Batman yet but I was watching The Dark Knight Returns the other night and it's still fantastic.
173,"@Hunter22092115 I actually liked him at the end of Snyder cut, but I got to be honest I wasn't really a big fan of the weird on the nose sex joke directed at Batman. That kind of thing can be done well, I liked it in the dark night returns animated film, but it was awkward here to me."
174,"@PostCredPod The Batman Returns
The Batman Forever
The Batman and The Robin

But seriously..
Legend of The Dark Knight
Night of The Batman
Batman: Vengeance and Hope
Batman: The Curse

#TheBatman #TheBatman2"
175,@freehansolo So speaking if Batman I got The graphics 30 th anniversary Frank Miller's The Dark Night Returns  with The cowl or mask how ever u say 7$ new at Oilles what a deal
176,"My ranking of live action Batman movies since Tim Burton's Batman. 

My own opinion of course. 

9. Batman and Robin
8. Batman vs Superman
7. Batman Begins
6. Batman Forever
5. The Dark Night Rises
4. Batman 1989
3. The Batman
2. Batman Returns
1. The Dark knight"
177,"Last night I did a triple(?) feature of Batman:Year One and The Dark Knight returns Part 1 &amp; 2 and I can't believe how good those films are. I'm pretty ashamed at myself for not seeing them sooner but I'm so glad they were recommended to me.
Up next: Superman: The motion picture"
178,"Watched The Batman last night.
A phenomenal return of the dark knight to the big screen. A creepy, suspenseful thriller and the greatest detective does actually some detective work."
179,@salami949 @slime_machine We also literally have animated movies that are direct recreations of a particular CB. Ex. Batman under red hood and the dark night returns
180,"Just realized I didn't rank my Batmen after last night so

Batman v Superman: Dawn of Justice (Ultimate Edition)
Joker scenes of The Dark Knight
Batman Returns
The Batman
The Dark Knight Rises
Mask of the Phantasm
The rest of The Dark Knight
Batman Begins
Batman (1989)"
181,"@brucebatman007 Batman de Tim Burton.
Batman Returns, de Burton.
The Dark Night, de Nolan.
Batman Dead End (s√≠, el corto ap√≥crifo).
Zack Snyder¬¥s Justigue League.
Batman Begins, de Nolan.
The Dark Night Rises, de Nolan.
Batman vs Superman.
Forever/ Batman y Robin, al mismo nivel.
TheB,no vista"
182,"@Ameen_HGA The batman was amazing.. Personally I wouldn't say its better than the dark night, but maybe dark knight returns but its close though.. The villans in dark knight series were just too amazing for me to put the new batman movie over them"
183,"I disagree.

My2cents:

1)The dark night (Nolan)
2)Batman returns (Burton)
3)Batman (Burton)

I still have to see the new one starred by Pattinson, but the expectations are low.

#Batman https://t.co/ctDzcG9k8C"
184,Elpizw se 30 xronia na vgei to movie adaptation tou batman the dark night returns me ton kurio robert
185,"1.The Dark Knight
2.Batman Begins
3.Batman
4.The Batman
5.Batman Returns
6.Dark Night Rises
7.Batman And Superman: Director‚Äôs Cut
8.Zack Snyder‚Äôs Justice League
9.Batman Forever
10.Batman and Robin https://t.co/2SlVHNQhne"
186,"@IndependentNn Saw it last night. Reviewing this week on @CinephilePod 
Love the dark knight and Batman returns"
187,"#Batman films ranked 

1. Batman 89
2. Batman Begins
3. The Dark Knight Rises
4. The Dark Knight
5. Batman v Superman: Ultimate Edition
6. Batman Returns
7. Batman Forever 
8. Batman The Movie 1966
9. Batman &amp; Robin 

I get to see @TheBatman tomorrow night."
188,@ProtagKun My friends and I are gonna watch The Dark Knight Returns tomorrow night. Weekend watching is Batman throughout the eras themed.
189,"@MarcDwithaC @latino_slant Batman: Mask Of The Phantasm 
Batman (1966)
Batman 
Batman Begins 
The Dark Knight 
Batman Returns 
The Batman 
Batman Forever 
The Dork Night Retires 
B(S) vs S(hite) 
Batman &amp; Robin"
190,"I think this is my solo Batman movie ranking after last night. New one is really good
1. The Dark Knight
2. The Batman
3. Batman '89
4. Batman Begins
5. The Dark Knight Rises
6. Batman Returns
7. Batman Forever
8. Batman '66
9. Batman and Robin"
191,"After seeing #TheBatman last night:
1. The Dark Knight
2. Batman Begins
3. The Batman
4. Mask of the Phantasm
5. The Dark Knight Rises
6. Batman 89
7. Batman Returns 
8. ZS Justice League
9. Batman V Superman 
10. Batman Forever 
11. Justice League (Theatrical)
12. Batman &amp; Robin"
192,"@JashanSirwani @mattreevesLA The batman 
The Batman Return 
The dark night 
The dark night rises
Batman vs superman 
And agai.. 
THE BATMAN"
193,@Olivia_4T @Sempaii15 Este tipo no vio el Batman de The Dark Night returns
194,"@LightsCameraPod @JeffDLowe @JackKennedy Batman Returns never gets any love, so underrated,I would put it ahead of the dark night rises."
195,"Current ranking of the Batman movies (will update tomorrow night):
1. The Dark Knight 100/100
2. The Dark Knight Rises 97/100
3. Batman Begins 92/100
4. Batman V Superman 84/100
5. Batman Returns 81/100
6. Batman 78/100
7. Batman Forever 36/100
8. Batman &amp; Robin 8/100"
196,"Ma√±ana se estrena, finalmente, The Batman y mi lista le aguarda un posible lugar en el podio o en el fr√≠o T√°rtaro de  Schumacher...
1. The Dark Night
2. Batman Returns
3. Batman Begins
4. Batman '89
5. Batman Forever
6. Batman y Robin '97"
197,"@J_Hawks13 @geeeyegeeqt @batman_really ""Universally agreed""
Batman Begins was good.
The Dark Night was brilliant.
Dark Nigh Returns was the dumbest thing ever, full of moronic tropes, a dumb Batman (ooh lemme get into a fist fight with Bane because...im da man!), an incomprehensible villain and a truly ridiculous plot"
198,"Here‚Äôs how I rank the live action Batman films before checking #TheBatman the tomorrow night.

1. The Dark Knight
2. Joker
3. Batman Begins
4. ZS JL
5. The Dark Knight Rises
6. BvS
7. Batman (1989)
8. Batman Forever
9. Batman &amp; Robin
10.Justice League 
11. Batman Returns"
199,"@PINOCHIKITA Keaton por inspirarse en the killing joke
Affleck por inspirarse en the Dark Night returns.
Bale no fue un gran batman, m√°s bien fueron los villanos los que se robaron la pel√≠cula. Pero si es mucho mejor que clooney y kilmer"
200,"Not interested to see The Batman. 
I think I lost my Batman excitement since I fell asleep during The Dark Night. Besides, I‚Äôll always have Batman, Batman Returns, and Batman Forever. Plus Batman TV series from the ‚Äò60s because Adam West is and will always be MY Batman. https://t.co/qAeMsvfBqI"
201,"@comic_at @LeroyDikkispina @ComicMovieMarks Excuse me? Batman is DARK in comics 
Year one, The Long Halloween, Ego, the dark Knight returns, Hush,  Arkham Asylum, court of owls, night cries, Damned, earth one, the death of the family, son of.... Etc etc etc etc"
202,"Batman movies ranked:

Batman 89
Batman Returns
Batman 66
Batman Begins
The Super Cops
The Dark Knight
Batman: Mask of the Phantasm
Lego Batman 
Batman Forever
The Dark Night Rises
Batman and Robin
Batman v Superman"
203,@Murzinho21 @ewanhamilton13 Noo this one's  Batman 14: the return of the son of the dark night again part 2 the sequel - Remastered
204,@ewanhamilton13 What ones this? Batman 14: the return of the dark night again part 2 the sequel?
205,OtaKing Returns To The Dark Night! https://t.co/mRWDlViZgl via @YouTube #Batman #Superman #theJoker #Robin #TheDarkKnightReturns #McfarlaneToys #ACTIONFIGURES #Unboxing
206,"Monday: Batman

Tuesday: Batman Returns

Wednesday: Batman Begins

Thursday: The Dark Knight

Friday Morning: The Dark Knight Rises

Friday Night: #TheBatman"
207,"@MichaelSacal @CaptMarvelology Not really. By the end of the 70's, Batman was already seen as a dark figure of the night again. People just think it's Miller because of how big the reception for the Dark Knight Returns was. And while it certainly helped, it's also (miss-indirectly) affected Batman negatively."
208,@thanospv Personally I swap the dark night rises with batman returns
209,"@jolivarestolosa Lo intuia javiüëÄü§î
Felicitaciones, disfruta un monton la pelicula y espero tu rese√±a.
Por cierto ojala el final de batman sea tipo"" Batman the dark night returns parte 1"" con cierta sonrisaü§°
Seria lindoü•∞üî•üëä"
210,"The dark night returns in The Batman, with Robert Pattinson¬†already being praised¬†for playing the caped crusader for the first time. Ahead of the film's release, we want to know:

Who is the best Batman of all time?"
211,Iron Studios Batman The Dark Night Returns Diorama https://t.co/ZOyyscd7kr eBay https://t.co/WReZ7Mi6dw
212,@LuciaLobosvilla @Hermann22 @owenlikescomics I actually feel like Batman the Animated series and also The Dark Night Returns ( read large thick Joker ) were more seminal
213,"the Batman The Dark night returns animated movies are one of the few obviously conservative pieces of super hero media I've seen, I wonder if there are any more"
214,"@copano 1.- Watchmen (Comic)
2.- The Dark Night Returns (Comic)
3.- El Incal (Comic)
Mencionar algunos no (DC) ....pero no puedo mezclarlo con lo cinematogr√°fico, pero aqu√≠ algunas pelis.
1.- The Fall (Tarsen)
2.- Watchmen (Snyder)
2.-Trilogia de Batman (Nolan)

Bonus: Joker (Phillips)"
215,"Estamos a nada de la preventa para #Batman  
üò± Y con una duraci√≥n de casi 3 horas, ¬°ser√° la pel√≠cula del caballero de la noche m√°s larga! üôåüî•

Seguida por:
üìåThe Dark Night Rises - 2:44 hrs
üìåThe Dark Knight - 2:32 hrs
üìåBatman Begins - 2:20 hrs
üìåBatman Returns - 2:06 hrs https://t.co/eC3OkPTH15"
216,"The dark night
BvS
Man of steel 
Batman returns 
Into the spidey verse https://t.co/mKVwYSMvMF"
217,"@FilmstoFilms_ The dark night
BvS
Man of steel 
Batman returns 
Into the spidey verse"
218,SCI-FI HISTORY - Changing Times and TIME - EP26 - THE DARK NIGHT RETURNS... https://t.co/5BNYtbnh2Y via @YouTube #THEDARKKNIGHT #wyattweed #fanfilm #Batman
219,"Batman: the dark night return pt1 - 2012 / pt2 - 2013
ŸÅŸÑŸÖ ÿßŸÜŸÖŸäÿ¥ŸÜ ŸÖŸÖÿ™ÿπ ŸÑÿ®ÿßÿ™ŸÖÿßŸÜ ÿπŸÑŸâ ÿ∫Ÿäÿ± ÿßŸÑÿπÿßÿØÿ© ŸÜÿ±ÿß ÿ®ÿßÿ™ŸÖÿßŸÜ ÿ™ŸÇÿØŸÖ ÿ®ÿßŸÑÿπŸÖÿ± ŸàŸäÿπŸàÿØ ŸÖŸÜ ÿ∫Ÿäÿ®ÿ™Ÿá ŸÑÿßÿ±ÿ¨ÿßÿπ ŸÇŸàÿ´ŸÖ ÿ≥Ÿäÿ™Ÿä ŸÖŸÜ ÿßŸÑÿßÿ¥ÿ±ÿßÿ±. https://t.co/iUpdfoSdW5"
220,"Happy birthday to @FrankMillerInk he is doubtlessly one of comics‚Äô greatest storytellers! Could have chosen a million different comics but The Dark Night Returns is his magnum opus, and a industry changing book to this day. 

@DCComics @DCBatman 
#Batman #dccomics #comics https://t.co/ImV1HqFN5g"
221,"Jan. 27/1957 - Comic book writer Frank Miller is born. Created: The Dark Night Returns, Batman: Year One, Daredevil: Born Again, Sin City &amp; 300. https://t.co/D72kchhRs2"
222,"Imagine being the unfortunate criminals Batman goes for on his first night out of retirement in Dark Knight Returns

Batman has been gone for 10 years and you're successfully escaping from the police when suddenly the Dark Knight lands on the hood of your car and he's PISSED lmao"
223,"@DanaosC @FAWil4 @TheBatmanFilm_ watch The Dark Night Returns (its on HBO max rn), or read the graphic novel. being the batman is essentially a compulsion for bruce wayne, its a symptom of a serious mental illness"
224,"@esdraxus @Alberto_Fallen Pues para no vender nada en los 80' historias de Frank Miller como Batman The Dark Night Returns o las obras del mismo autor como son Batman a√±o uno, dos y tres triunfaban en los 80's. As√≠ que no se que crisis podr√≠a a ver. Ya te digo que el √∫nico personaje en crisis era Superman"
225,"Con 2 horas 55 minutos #TheBatman de Matt Reeves va a tener una duraci√≥n √©pica:

1. The Batman - 2:55 Hrs
2. The Dark Night Rises - 2:44 Hrs
3. The Dark Knight - 2:32 Hrs
4. Batman Begins - 2:20 Hrs
5. Batman Returns - 2:06 Hrs https://t.co/bPJ8r5S2OY"
226,@DumbGuypod @Java_jigga Imagine this guy adapting the dark night returns. Batman actually is a good and pure hero he just has a hard time expressing himself ü•∫
227,"Imagining a guy who has a night of Batman films: First Batman Returns, then Batman &amp; Robin, then the Dark Knight Rises and finally Batman v Superman."
228,"@FranciscoPesky por gui√≥n y direcci√≥n, para m√≠ es ""The Dark Night"", Michael Keaton el mejor Batman, un v√≥rtice de caos es todo un concepto diferente de villano, y Ledger hizo historia con eso. En ""Batman Returns"" los villanos son consecuencia de injusticias pasadas y su maldad es casi anecd√≥tica"
229,"Today we are highlighting on #Batman  The Dark Night Returns by @Cryptozoic !
.
In the solitaire Batman: The Dark Knight Returns Board Game, you play ""The World's Greatest Detective"", who's been pulled back from retirement into a gritty Gotham. 
.
1-2 players, 90 min, Ages 14+ https://t.co/sV9QtWPBeo"
230,"Revisitando las pel√≠culas de Batman, creo que este es mi ranking definitivo:

The Dark Night 9/10
Batman Begins 8/10
Batman 8/10
The Dark Knight Rises 7/10
Batman Returns 6/10
Batman v. Superman 5/10
Batman Forever 3/10
Batman &amp; Robin 1/10"
231,"@ComiicSams The Dark Night Returns, there's a appearence of Superman but is mostly Batman."
232,"You are Batman 
Choose a leading lady from below to star in your movie:

Vicki Vale - Batman '89
Selina Kyle - Batman Returns 
Dr. Chase Meridian - Batman Forever 
Rachel Dawes - Batman Begins/Dark Night
Selina Kyle - The Dark Knight Rises"
233,"I‚Äôm honestly fine about Batman movies depicting a more ruthless Batman, if they‚Äôre doing one of three things:
- A younger, less experienced Batman who‚Äôs early in his career and not as refined
-An adaptation of The Dark Night Returns
-Thomas Wayne Batman"
234,"@TandwarGaming The second half was suppose to be the ""fallen hero's return to the light"" as noted in The Dark Knight Batman mostly operates at night, but in Rises he is ""standing"" with the very people who demonized him. It was filmed well but had major issues (tank tumblers for all)"
235,@Julianx042 @DCEUMX Si quer√≠an una mujer que fuera una suplente de batman hubiera sido mejor carrie kelly de the dark night returns ella tiene m√°s madera que barba gordon
236,"@BetterCallRaul_ @peacockTV The long Halloween (1996)
A death in the family (1988-1989)
The dark night returns (1986)
Year one (1986-1987)
The killing joke (1988)
That‚Äôs just off my bookshelf.
Golden age Batman drew from pulp detective stories.
Batman begins (the one before dark night) is partially based‚Ä¶ https://t.co/2z6D8CKSmj"
237,"@Dev2Dust Batman Returns all day and night.
It was Batman truly as the Dark Knight"
238,"@lockerxx1 @fran_mp17 @DCEUMX Se desaprovecharon oportunidades ,el robin muerto pudo ser jason y tener una escena final en la peli de The Batman de Affleck , la robin pudo ser Carrie kelly(que pudo ser la ni√±a pelirroja de BvS) ya que se hacia referencia a The Dark Night Returns , y Dick seria Nightwing."
239,"@sebas19321 @dejememiro @_RequiemF @linkgamer64 @elgranqenk Bro nose si viste the dark night returns donde batman se retira por la baja de un robin, vuelve m√°s agresivo (obvio nunca matando) pero tambi√©n en ese momento se pasa por los huevos su promesa con sus padres (vengar a sus padres siendo un h√©roe)."
240,@BirinciKesin @MovieGrafMG Tam olarak The Dark Night Returns animasyonundaki batman gibiysi o senaryoyu d√ºzg√ºn √ßƒ±karabilselerdi ke≈üke
241,Batman(1989) &amp; Batman Returns(1992) get a 6.8. Loved the cast. Tim Burton had an interesting goth approach. Honestly wish I watched before The Dark Night series. https://t.co/YaKVdeTVrp
242,"@victormontemayo @AlexAtlantisDC Algo parecido a estoüëáüî•
https://t.co/i7tv9rQg8s
Es el final de la parte 1 de Batman: The Dark Night Returns 
The Batman da para un final asi por lo que he visto y seria excelente para presentar al Joker o algo mucho mejor."
243,"i think people forget that the dark night returns is supposed to be the end of batman, not the beginning. the stupid argument about frank miller making people think batman is built like a tank only applies to tdkr because year one has a very lean and agile bruce."
244,"10 pel√≠culas para conocerme:

1. The lion ü¶Å king.
2.Aladdin the return of Jafar .
3.the revenant.
4.Batman the dark night.
5. Seven pounds.
6.the joker.
7. The lord of the rings all the trilogy.
8.Forrest Gump.
9.avatar.
10.finding Nemo . https://t.co/tDdPKTzjBh"
245,"See also: the million fucking Batman maxiseries that are trying to be the next ""The Dark Night Returns"" or ""The Long Halloween"". Where is the Batgirl maxiseries? What about Nightwing?

""People only buy Batman."" I know and it sucks. HARLEY QUINN got one, but not Nightwing."
246,"@Thepotterguyk12 Batman The Dark Night Returns Part 1
Encanto
Birdboy: The Forgotten Children"
247,@Thepotterguyk12 ŸÜÿπŸÖÿå ÿ¥ÿßŸáÿØÿ™ Batman The Dark Night Returns Part 1 Ÿà Encanto ŸàBirdboy: The Forgotten Children
248,"FOR THE THIRD FUCKING TIME!!!

Was he this mad about Batman Returns &amp; The Dark Night Rises as well?! https://t.co/7n16PfVyUC"
249,"If you're doing a character study of Batman and include The dark night returns your study is flawed. This is an alternate take on Bruce, he's old, jaded, worn. He's not the same man as he is in main canon. https://t.co/N1wmVRkCKD"
250,@StripMarvel Eldirector de the batman esta reflejando mas esa etapa que mi opinion respeta me parece mucho mejor.. como batman the dark night return esas historias buscn su lado psicologico como aqui en la pelicula .. no es dios es humano no es un tipo normal mentalmente xd pero asi se hace
251,"@bostonrex Mirate batman the dark night return 1 y 2, esta en hbo max, una serie animada brutaal"
252,@TebogoFlames Ah come on that's like saying Captain America Civil War and The Avengers are Iron-man moviesü§¶üèø‚Äç‚ôÇÔ∏è. The dark night returns was the last movie that was based on Batman
253,"@moviemenfes batman (1989) 
batman returns (1992) 
batman forever (1995) 
batman &amp; robin (1997)  
batman begins (2005) 
the dark night (2008) 
the dark night rises (2012)"
254,"@OrlanKoopa Linterna, Flash y Batman. Blackest Night/Brightest day, Flashpoint y The Dark Knight Returns, son unas putas joyas."
255,@jdoedoe101101 Superman es tremendamente estatista...bien merecida tiene la golpiza que le di√≥ batman en the dark night returns
256,"I think the Hawkeye series may just be my favourite of these Marvel series.  Especially with the latest episode.  It reminds me a lot of Frank Miller - Daredevil most obviously, but also the Batman Robin relationship in The Dark Night Returns. Like it like it."
257,"In these Box-Busting Games Coming Soon you'll set off on a wild hunt in Witcher: Old Worlds, become the night in The Dark Knights Returns: Batman, wage a war of the old ones in Cthulhu Wars and more, all with 10% off when you pre-order! https://t.co/83XRIcpfTH https://t.co/5lgLxJqizQ"
258,"In these Box-Busting Games Coming Soon you'll set off on a wild hunt in Witcher: Old Worlds, become the night in The Dark Knights Returns: Batman, wage a war of the old ones in Cthulhu Wars and more, all with 10% off when you pre-order! https://t.co/AhE8Gd2ho9 https://t.co/ILjtRV77E0"
259,"Ada 2 superhero yang setiap tayang gw tonton di bioskop. Spidey dan Batman.
92 Batman return
95 Batman forever
97 Batman n Robin
05 Batman Begin
08 The Dark Night
12 The Darknight rises
Dan selanjutnya dah ga gw tonton lagi krn gw ngerasa mentok di Batmannya Nolan"
260,@BRBNFox @anon_opin Batman gave him a good kicking in The Dark Night Returns!
261,"@anon_opin That's the reason I was never into Superman! I prefer Batman, especially the graphic novels, The Dark Night Returns especially!"
262,"Il film ""joker"", quindi, non √® altro che la trasposizione cinematografica del famoso fumetto: Batman: the dark night returns, di miller e janson, con protagonista lo stesso joker al posto di Batman, e che ha come interprete principale il nostro Prandelli.

Stato detto?"
263,"@TitusNation Reminds me of the old Batman story ""The Dark Night Returns"" when he takes away people's guns and calls them the weapons of cowards"
264,"@screegdbz Wow, la verdad eso si me dar√≠a ganas de verlo. Si entrenas un poco la voz, podr√≠as emular ese dialogo √©pico de Batman con Superman en ""The Dark Night Returns""
Espero te guste mi sugerencia :)"
265,"Tirando Batman, Batman Returns, Batman Forever, Batman Begins, Batman The Dark Night, The Dark Night Rises e Feira da Fruta, Batman e Robin de Joel Schumacher √© o melhor filme do Batman."
266,"@erkam_oo @Bishokuyaa Le gameplay des jeux Arkham prouve le contraire mdrrrr, et aussi dans Batman The Dark Night : Return (La o√π il est plus √¢g√© normalement) il est tr√®s brutal envers ses ennemis"
267,@DCComics_FR Batman the dark night returns et tous les comics barman
268,"@sofyanboudouni Princesse Mononoke
Spider-man into the spiderverse (new generation)
Batman the dark night returns part2 https://t.co/BWlw3ikzJl"
269,"@sofyanboudouni 1-shrek
2-la princesse mononoke 
3-Batman the dark night return https://t.co/O0QI7NI0Ym"
270,Im watching Batman The Dark Night Returns Pt. 2 .... i really missed my DC Animations https://t.co/8cnhW92YZd
271,"@Knight34_89 @CharlesLeeRay69 Ahora que lo dec√≠s, tambi√©n me viene a la mente como un Batman the Dark Night Returns üò≥üò≥"
272,"@Sir_Likes_A_Lot @jojicockatiel I‚Äôll piggy back off this and say Year One is great and stands alongside The Killing Joke, Long Halloween, Arkham Asylum A serious place in serious earth, and The Dark Night Returns as some of the best Batman comic books/ graphic novels"
273,I think Bryan Cranston would be a very good live action the dark night returns Batman
274,"@saurabhsherry Batman Milkman...

The Dark Night Returns"
275,"@laORBITAdeENDOR Me da pena por solamente he le√≠do 5 c√≥mics! üòÖ

The Court of Owls
The Killing Joke
The Dark Night Returns
Batman Hush
Batman the Cult"
276,@jhon_lawrence1 Es como si empezar√°s a leer Batman desde The Dark Night Returns
277,@IGN The Dark Night Triumphant - Batman: The Dark Night Returns
278,"ICYMI last night

McFarlane Toys DC Multiverse Batman: The Dark Knight Returns Wave

Batman-https://t.co/BOoKKDWpDM
Superman-https://t.co/X3WHT8zbNh
Joker-https://t.co/ldM9nHeTQY
Robin-https://t.co/gCbJz47x0I

Via Entertainment Earth-https://t.co/vEguHvSjba https://t.co/A2ceE1H7Zp"
279,"@MrChickenRider @pringlepunk @McCaineNL @BatmanShilI Batman has always been fascist, have you read the dark night returns?"
280,"@PaulAnleitner It‚Äôs cause all those directors read is Batman Year 1, the Long Halloween, and the Dark Night Returns. Which are great graphic novels! But Batman is so much MORE than just those books."
281,@ToonamiSquad We are less than 24 Hours from now until the Penultimate Episode of #FenaPiratePrincess Season 1 as well as #BatmanNinja &amp; #Batman: Under The Red Hood take over a epic saturday night of #Toonami. Get Pumped for the Return of The Dark Knight on The Better Cartoon Show.üëç https://t.co/Ivdqc2DBEE
282,"@heterososharu @akiro7291 Oh 
Well Batman: The dark night returns is a classic anyone getting into comics has to read,
And so is Watchmen being basically the foundation for the deconstruction of the superhero genre,
DCeased is a reall short and fun read being basically DC‚Äôs Marvel Zombies"
283,"@gjoeldiaz Lo mejor de DC animado para mi es sin duda las de batman the dark night return creo que se llamaba.

Al menos esas disfrut√© de verlas."
284,"QT or Reply with your favourite batman moments. It can be from any medium.

Here is mine ‚ù§Ô∏è A strip from The Dark Night Returns üòç Just a badass batman. https://t.co/ZuwdO2uosC"
285,"@akiro7291 Im just the comics guy now huh?üò≠üò≠ and yea,
The Dark knight returns 
Kingdom Comes
Batman:The long Halloween
Batman:The white night
DCeased
Injustice 
All-Star Superman
The Sandman(1998 i think)
Batman:Year one 
Watchmen(kinda in there)"
286,"@DCComics The Long Halloween continues to be the best batman story in my eyes, such a classic wish this interpretation of the caped crusader was the norm and not the misinterpretation of the dark night returns that is Snyder's Batman."
287,"@MDougy7 @skrizPO Batman: Long Halloween, The Dark Knight Returns part 1 only, The black mirror and Killing Joke. Superman: All Star Superman. Flash: Flashpoint. GL Rebirth, Sinestro War, Blackest Night. JL: Tower of Babel, New frontier and Kingdom Come. Flash: Flashpoint Just some starting places"
288,@Blitzwinger The Dark night returns(movie) Batman and Superman world's finest(comic) Batman Beond(show) and lego batman 3 (game)
289,"Ciertamente la historia que inspira esta haza√±a es muy muy buena ‚ÄúThe Dark Night Returns‚Äù 

Esta historia es fr√≠a, oscura, plantea un mundo ca√≥tico, en ese mundo Superm√°n es un t√≠tere y hasta cierto punto, Batman es lo m√°s grande que un humano puede ser 

5/ https://t.co/0AdjJTOBJX"
290,"Yo no se ustedes pero mi #BatmanDay consiste en poner con buenos aud√≠fonos ‚ÄúThe Dark night returns‚Äù parte 1 y 2.

Es una joya. Ah√≠ est√° todo lo que quiero para Ben y su Batman."
291,"Celebrating Batman Day with one of my favorite memories growing up. A friend loaned me ""The Dark Knight Returns"" and I would read it all the way through every night for a week straight. My all time favorite DC character, gritty and doing what's right. https://t.co/Z1KWyP5ZGR"
292,"Interstellar, les 2 Pacific Rim, Man of Steel, Superman returns, Les Kong et Godzilla, Inception, The Dark Night, Dark Night Rises, Batman Begins, 300, Hangover, Dra cula Untold, Warcraft, Steve Jobs, Jurassic World, The Great Wall, Skycraper, etc, etc."
293,"@FuhrerZakk Hmm i think i would say stories more than arcs. 
These are my favourite comic book stories
Green Lantern: Blackest night, Sinestro Corps War, 

Batman: Batman Year One(One of my favs), The Dark Knight Returns, The Court of the Owls (Introduces one of my fav villains of batman)"
294,@jessie_khahil @Itssan17 Hes the dark night returns batman who is an older batman that dont take shit. Look at the comics and animated movies body type is exactly like that
295,"@THEBRYANHITCH Elseworld stories examples include Kingdom Come, Watchmen, Superman: Red Son, All-Star Superman, Batman: The Dark Knight Returns.

Origin stories include Batman: Year One.

Also epic crossover events like Crisis, The Blackest Night, etc. https://t.co/RRCdpgyo6P"
296,"@Goderikku Je te recommande pour Batman ses trois r√©cits qui sont indispensables, ce sont tous des one shot ( sauf The dark night returns qui a une suite mais c‚Äôest dispensable)
Les 3 co√ªteront 52‚Ç¨ https://t.co/LcVsTPblw1"
297,@Ace_of_Stars @Lexialex @Comic_Pessimist @GailSimone @pattonoswalt Batman:Year One should be followed up with The Dark Night Returns.
298,"Batman: Hush, anyone? Heart of Hush??? War Games??? FREAKING NO MAN'S LAND???

DID THEY NOT WATCH BATMAN RETURNS? OR THE DARK NIGHT RISES???"
299,"Justice League vs Suicide Squad 
2 Harley Quinn books(new 52) 
Suicide Squad (1 new52, 1 rebirth) 
Blackest Night 
New 52 JL, WW, Aquaman
The Dark Knight Returns 
Batman White Night 
Harleen (Fucjing AWESOME) 
Under the red hood"
300,@CriticaITristan Batman Returns is better than The Dark Night imo
301,"TOP 10 de las mejores pel√≠culas de DC C√ìMICS (1978-2021).

ü•á - The Dark Knight.
ü•à - ZSJL
ü•â - Aquaman
4Ô∏è‚É£ - Man of Steel.
5Ô∏è‚É£ - Batman Returns
6Ô∏è‚É£ - BvS: Dawn Of Justice UE
7Ô∏è‚É£ - Wonder Woman
8Ô∏è‚É£ - Superman 2 (1980)
9Ô∏è‚É£ - The Dark Night: Rises 
üîü - Watchmen

¬øEl tuyo?"
302,"@StripMarvel TOP 10 de las mejores pel√≠culas de DC C√ìMICS (1978-2021).

ü•á - The Dark Knight.
ü•à - Batman Begins
ü•â - Batman Returns
4Ô∏è‚É£ - Superman
5Ô∏è‚É£ - Man of Steel
6Ô∏è‚É£ - Batman
7Ô∏è‚É£ - Superman 2
8Ô∏è‚É£ - The Suicide Squad
9Ô∏è‚É£ - Wonder Woman
üîü - The Dark Night rises

¬ø300? Y Watchmen extras."
303,"@ShirePropaganda Still one of the best sci-fi films out there

Also fun fact: when Andrea Romano did the casting for the animated ""The Dark Knight Returns"" adaptation, she decided to cast Peter Weller as Batman because she had just seen him as Robocop the night before ^^"
304,"Luego, investigando, vi que esa isla ya se habia nombrado en el mundo DC. En Batman, The Dark Night Returns, de Frank Miller se habia producido una revolucion en esa isla.   Y casualmente, en Italia las historietas de Batman se editaban junto con las de Hugo Pratt https://t.co/QzcSsFNpkU"
305,@brucebatman007 Esto es como un pote de helado con sus 4 sabores y pones todos los que me gustan Batman Returns The Dark Night Batman Forever y Batman vs Superman con chispas de Man Of Steel y ZSJL pero si m das a elegir pese a la brillantes de la dupla Nolan/ Zimmer-Howard gana Burton/Elfman
306,"LEGO Batman Wii: The Joker‚Äôs Return: Chapter 4; In the Dark Night; Killer Moth . (the Hero‚Äôs lobby). 

#wii #game #batman https://t.co/3VXXdGq8XZ"
307,@ESPNFC Return if the dark night (Batman)
308,"zapraszam, nowe #wideo na kanale: LEGO Batman The Joker's Return Chapter 4 In The Dark Night Walkthrough https://t.co/gnsICxcFzF
#youtube #gaming #game #gameplay"
309,"@BridgeGeekdoms Loved the Snyder cut, but no this is not the greatest scene with those two. Not even close.  The Dark Knight, Batman (1989), The Batman Killing Joke, and Batman:The Dark Night Returns all have better scenes together."
310,Last night I‚Äôve finished Batman: Year One and Batman: The Dark Knight Returns and they‚Äôre amazing! @fdellyyyy @memoryinthesun @Taylorfaline @OrianaNichelle @spookymoonkitty @Jooliasez @DCComics @FrankMillerInk  @SalSaysWhat https://t.co/mPEEKliBgs
311,"Earth-1 Superman
Under The Red Hood
Kingdom Come
Blackest Night
Batman: Eternal
The Long Halloween
Hush
Preacher
Sandman
The Death of Superman
Metal
The White Knight
War of Light
Siniestro Corps
The Dark Knight Returns
Crisis on Infinite Earths
Flash Rebirth
Batman Year One https://t.co/H6ekiO5dgM"
312,@Rufin_10 Ya Batman Hush et The Dark Night Returns qui sont lourds aussi
313,"Siempre me gusto mucho el concepto del batman de the dark night returns, una lastima que el hijo de puta de snyder solo sabe copiar vi√±etas."
314,"Top 4 animated #Batman films for me?
-Mask of the Phantasm
-BB Return of the Joker
-The Dark Night Returns (Parts 1&amp;2)
-Under the Red Hood

Agree? Disagree? What are your ‚ÄúTop 4/5?‚Äù #dc"
315,The dark night returns cartoon is the CRAZIEST Batman adaptation. This mf is a DEMONüòÇü•¥
316,"@Pablocente Tienes que verte The Dark Night Returns (Parte 1 y 2), de animaci√≥n, que es buenisima y la segunda parte es el Batman vs Superman del comic.
Yo creo que te agradar√° ;) https://t.co/v9qdPXJfUr"
317,"@JorgeCFer Mi top es tramposo porque no concibo THE DARK NIGHT sola,es la trilog√≠a entera!:
1)Batman returns 
2)Trilogia NOLAN
3)Zs JUSTICE LEAGUE(no es la mejor pero engloba a los h√©roes de DC y,solo por eso,ya merece la pena)"
318,"@ProfesorXec Que buen comic! Uno de los m√°s chevere es el The Dark Night Returns (cuando Batman viejo se enfrenta a superm√°n), es m√°s ha salido en los √∫ltimos a√±os una nueva saga que est√° muy pero muy buena de Batman se llama: The Dark Night: Death Metal. Es retorcida esa historia."
319,I hope you cutie patooties have a good night. I‚Äôm about to watch Batman: The Dark Knight Returns part 1 and knock out üò¥ had another interesting day at work learning about benefits and other things. https://t.co/sOL03DZbG9
320,"@TheLoneWolf9799 @DarkDefective @ymrslvar @Linekermc Batman did not kill in the dark night returns, my guy.

You would know that if you read the comics."
321,"@MarcioAntonio E eu n√£o sou grande f√£ do Nolan tamb√©m. Hehe. Acho que eu perdi o ""timing"" do Batman, que deveria ter acontecido na √©poca do ""The Dark Night Returns"" (confesso que eu ficava fascinado com a arte do Frank Miller). Mas n√£o me pegou."
322,"@GeekZoneGZ a mi me da que es asi, este batman lo pueden poner como en un universo tipo the dark night returns o injustice con un superman que me gustaria que fuera john hamm.
Las posibilidades me ponen a volar"
323,"@LASTEXITshirts The Dark Night
Batman Begins
Batman 89
Batman Returns
The Dark Knight Rises"
324,"movies i've seen 5 times or more: open to anyone

Batman forever 
Avengers: Infinity War
Spider-Man: Far from home 
Avengers end game
The dark knight 
Howls moving castle 
Night of the living dead
The dark knight returns https://t.co/XBGh7vqgMb"
325,"@YoleocomicsESP @for_snyder Y no solo eso, por poner un ejemplo similar, en el c√≥mic Batman The dark Night Returns, para salvar a Carrie Kelley le pega tremenda paliza a los mutantes frente a ella (O eso creo recordar). En general no dir√≠a que Batman actu√≥ extra√±o, actu√≥ estrat√©gico."
326,@EndlessJeopardy What is Batman The Dark Night Returns? https://t.co/lyWMjfvp22
327,"@AmeliaFathiyah captain America is several times opposed to the American government in the comics and in the films of the mcu, batman also in the dark night return"
